QueryId;QueryText;Gold Standard;Adequate;;;Source;SourceEndpoint;Target;Target Endpoint
1;PREFIX movie: <http://data.linkedmdb.org/resource/movie/>  PREFIX purlc: <http://purl.org/dc/terms/> SELECT ?actor WHERE { ?film purlc:title ?Top Gun? . ?film movie:actor ?actor .};PREFIX db-r: <http://dbpedia.org/resource/>  PREFIX db-o: <http://dbpedia.org/ontology/>    PREFIX foaf:< http://xmlns.com/foaf/0.1/>  SELECT ?actor WHERE {{ ?film foaf:name ?Top Gun? .} UNION { ?film rdfs:label ?Top Gun? .} ?film db-o:starring ?actor .};PREFIX db-r: <http://dbpedia.org/resource/>  PREFIX db-o: <http://dbpedia.org/ontology/>    PREFIX foaf:< http://xmlns.com/foaf/0.1/>  SELECT ?actor WHERE {{ ?film foaf:name ?Top Gun? .} UNION { ?film rdfs:label ?Top Gun? .} ?film db-o:starring ?actor .};;;LinkedMDB;http://www.linkedmdb.org/snorql/;Dbpedia;http://dbpedia.org/sparql
2;PREFIX movie: <http://data.linkedmdb.org/resource/movie/> PREFIX db: <http://data.linkedmdb.org/resource/> SELECT ?film ?director ?genre WHERE {?film movie:director ?director. ?film movie:country db:country/IT. ?film movie:genre ?genre .};PREFIX db-p: <http://dbpedia.org/property/>  PREFIX db-o: <http://dbpedia.org/ontology/>    SELECT ?film ?director ?genre WHERE {?film db-o:director ?director. ?film db-p:country db-r:Italy. ?film ?p ?genre .};PREFIX db-p: <http://dbpedia.org/property/>  PREFIX db-o: <http://dbpedia.org/ontology/>    SELECT ?film ?director ?genre WHERE {?film db-o:director ?director. ?film db-p:country db-r:Italy. ?film ?p ?genre .};;;LinkedMDB;http://www.linkedmdb.org/snorql/;Dbpedia;http://dbpedia.org/sparql
3;PREFIX mo: <http://purl.org/ontology/mo/> PREFIX rdfs: <http://www.w3.org/2000/01/rdf-schema#> SELECT ?name ?band WHERE {?artist rdfs:label ?name. ?artist mo:member of ?band. ?band rdfs:label ?The Beatles? .};PREFIX db-o: <http://dbpedia.org/ontology/>   SELECT ?name ?band WHERE {?artist foaf:name ?name. ?band db-o:formerBandMember ?band foaf:name ?The Beatles?.};PREFIX db-o: <http://dbpedia.org/ontology/>   SELECT ?name ?band WHERE {?artist foaf:name ?name. ?band db-o:formerBandMember ?band foaf:name ?The Beatles?.};;;MusicBrainz;http://dbtune.org/musicbrainz/sparql;Dbpedia;http://dbpedia.org/sparql
4;PREFIX rdf: <http://www.w3.org/1999/02/22-rdf-syntax-ns#> PREFIX mo: <http://purl.org/ontology/mo/>  PREFIX foaf:< http://xmlns.com/foaf/0.1/> SELECT ?album WHERE {?album rdf:type mo:Record . ?album foaf:maker ?artist . ?artist foaf:name Slayer .};PREFIX db-o: <http://dbpedia.org/ontology/>   SELECT ?album WHERE  {{ ?album rdf:type db-o:Album . } union{ ?album rdf:type db-o:Single.} ?album db-o:artist ?artist. artist foaf:name ?Slayer?. };PREFIX db-o: <http://dbpedia.org/ontology/>   SELECT ?album WHERE  {{ ?album rdf:type db-o:Album . } union{ ?album rdf:type db-o:Single.} ?album db-o:artist ?artist. artist foaf:name ?Slayer?. };;;MusicBrainz;http://dbtune.org/musicbrainz/sparql;Dbpedia;http://dbpedia.org/sparql
5;PREFIX db-o: <http://dbpedia.org/ontology/> PREFIX foaf:< http://xmlns.com/foaf/0.1/>  SELECT DISTINCT ?a WHERE { ?a a db-o:Artist. ?a foaf:name ?n. FILTER (regex(?n, ?John?,?i?)) .};PREFIX movie: <http://data.linkedmdb.org/resource/movie/> PREFIX foaf:< http://xmlns.com/foaf/0.1/>   SELECT DISTINCT ?a WHERE  {{ ?a a movie:editor .} UNION { ?a a db:movie/producer . } UNION { ?a a foaf:Person . } ?a rdfs:label ?n .  FILTER (regex(?n, ?John?,?i?)) . };PREFIX movie: <http://data.linkedmdb.org/resource/movie/> PREFIX foaf:< http://xmlns.com/foaf/0.1/>   SELECT DISTINCT ?a WHERE  {{ ?a a movie:editor .} UNION { ?a a db:movie/producer . } UNION { ?a a foaf:Person . } ?a rdfs:label ?n .  FILTER (regex(?n, ?John?,?i?)) . };;;Dbpedia;http://dbpedia.org/sparql;LinkedMDB;http://www.linkedmdb.org/snorql/
6;PREFIX db-r: <http://dbpedia.org/resource/> SELECT DISTINCT ?a WHERE { db-r:The Other Side of the Wind ?p ?a .};PREFIX movie: <http://data.linkedmdb.org/resource/movie/>  SELECT DISTINCT ?a WHERE{  movie:46921 ?p ?a .};PREFIX movie: <http://data.linkedmdb.org/resource/movie/>  SELECT DISTINCT ?a WHERE{  movie:46921 ?p ?a .};;;Dbpedia;http://dbpedia.org/sparql;LinkedMDB;http://www.linkedmdb.org/snorql/
7;"PREFIX movie: <http://data.linkedmdb.org/resource/movie/> PREFIX purlc: <http://purl.org/dc/terms/> SELECT ?movieName WHERE { ?woody movie:director name ?Woody Allen?. ?actor movie:actor name ?Julie Kavner?. ?movie movie:director ?woody; movie:actor ?actor; purlc:title ?movieName.}";"PREFIX foaf:< http://xmlns.com/foaf/0.1/>  PREFIX db-o: <http://dbpedia.org/ontology/>    SELECT ?movieName WHERE { ?woody foaf:name ?Woody Allen?@en.  ?actor foaf:name ?Julie Kavner?@en.  ?movie db-o:director ?woody;  db-o:starring ?actor; ?p ?movieName. }";"PREFIX foaf:< http://xmlns.com/foaf/0.1/>  PREFIX db-o: <http://dbpedia.org/ontology/>    SELECT ?movieName WHERE { ?woody foaf:name ?Woody Allen?@en.  ?actor foaf:name ?Julie Kavner?@en.  ?movie db-o:director ?woody;  db-o:starring ?actor; ?p ?movieName. }";;;LinkedMDB;http://www.linkedmdb.org/snorql/;Dbpedia;http://dbpedia.org/sparql
8;PREFIX movie: <http://data.linkedmdb.org/resource/movie/> PREFIX db: <http://data.linkedmdb.org/resource/>  SELECT ?actor WHERE { db:film/154 movie:actor ?actor. };PREFIX db-o: <http://dbpedia.org/ontology/>  PREFIX db-r: <http://dbpedia.org/resource/> SELECT ?actor WHERE {  db-r:E.T. the ExtraTerrestrial db-o:starring ?actor . };PREFIX db-o: <http://dbpedia.org/ontology/>  PREFIX db-r: <http://dbpedia.org/resource/> SELECT ?actor WHERE {  db-r:E.T. the ExtraTerrestrial db-o:starring ?actor . };;;LinkedMDB;http://www.linkedmdb.org/snorql/;Dbpedia;http://dbpedia.org/sparql
9;PREFIX movie: <http://data.linkedmdb.org/resource/movie/> PREFIX db: <http://data.linkedmdb.org/resource/>  SELECT ?writer WHERE { db:film/8304 movie:writer ?writer . };PREFIX db-o: <http://dbpedia.org/ontology/>  PREFIX db-r: <http://dbpedia.org/resource/> SELECT ?writer WHERE {db-r-fr:Interstellar (film) db-o:writer ?writer . };PREFIX db-o: <http://dbpedia.org/ontology/>  PREFIX db-r: <http://dbpedia.org/resource/> SELECT ?writer WHERE {db-r-fr:Interstellar (film) db-o:writer ?writer . };;;LinkedMDB;http://www.linkedmdb.org/snorql/;Dbpedia;http://dbpedia.org/sparql
10;PREFIX db-o: <http://dbpedia.org/ontology/>  SELECT distinct ?actor ?place WHERE {?actor a db-o:VoiceActor.?actor db-o:birthPlace ?place } LIMIT 100;PREFIX movie: <http://data.linkedmdb.org/resource/movie/>  SELECT distinct ?actor ?place WHERE {?actor a movie:actor. ?actor ?p ?place . } LIMIT 100;PREFIX movie: <http://data.linkedmdb.org/resource/movie/>  SELECT distinct ?actor ?place WHERE {?actor a movie:actor. ?actor ?p ?place . } LIMIT 100;;;Dbpedia;http://dbpedia.org/sparql;LinkedMDB;http://www.linkedmdb.org/snorql/
11;"PREFIX mo: <http://purl.org/ontology/mo/> PREFIX rdfs: <http://www.w3.org/2000/01/rdf-schema#>  PREFIX foaf:< http://xmlns.com/foaf/0.1/> SELECT ?uri ?name ?label WHERE { ?uri a mo:MusicArtist; foaf:name ?name; rdfs:label ?label. FILTER ( ?name = ?The Beatles? ). FILTER (lang(?label) = ?en?). }";"PREFIX mo: <http://purl.org/ontology/mo/> SELECT ?uri ?name ?label WHERE { ?uri a mo:MusicArtist; foaf:name ?name; rdfs:label ?label. FILTER(?name = ?The Beatles?). FILTER (lang(?label) = ?en?)}";"PREFIX mo: <http://purl.org/ontology/mo/> SELECT ?uri ?name ?label WHERE { ?uri a mo:MusicArtist; foaf:name ?name; rdfs:label ?label. FILTER(?name = ?The Beatles?). FILTER (lang(?label) = ?en?)}";;;MusicBrainz;http://dbtune.org/musicbrainz/sparql;Jamendo;http://dbtune.org/jamendo/sparql/
12;"PREFIX purlc: <http://purl.org/dc/terms/> PREFIX mo: <http://purl.org/ontology/mo/>   PREFIX foaf:< http://xmlns.com/foaf/0.1/> SELECT (STR(?title) AS ?stitle) ?album WHERE { foaf:made ?album. ?album a mo:SignalGroup; purlc:title ?title. } order by ?title";"PREFIX foaf:< http://xmlns.com/foaf/0.1/>  SELECT (STR(?title) as ?stitle) ?album WHERE {  foaf:made ?album.?album a db-o:MusicalWork;  dc:title ?title} order by ?title";"PREFIX foaf:< http://xmlns.com/foaf/0.1/>  SELECT (STR(?title) as ?stitle) ?album WHERE {  foaf:made ?album.?album a db-o:MusicalWork;  dc:title ?title} order by ?title";;;MusicBrainz;http://dbtune.org/musicbrainz/sparql;Dbpedia;http://dbpedia.org/sparql
13;PREFIX db-r: <http://dbpedia.org/resource/> SELECT ?predicate ?object WHERE { db-r:Barack Obama ?predicate ?object . };PREFIX data-nyt: <http://data. nytimes.com/element/> SELECT ?predicate ?object WHERE { data-nyt:47452218948077706853 ?predicate ?object . };PREFIX data-nyt: <http://data. nytimes.com/element/> SELECT ?predicate ?object WHERE { data-nyt:47452218948077706853 ?predicate ?object . };;;Dbpedia;http://dbpedia.org/sparql;New YorkTmes;http://data-gov.tw.rpi.edu:8080/joseki/sparql/nyt
14;  PREFIX foaf:< http://xmlns.com/foaf/0.1/> PREFIX geonames: <http://www.geonames.org/ontology#> PREFIX db-r: <http://dbpedia.org/resource/>  SELECT ?name ?location WHERE { ?artist foaf:based near db-r:Baden-Baden . ?location geonames:parentFeature ?germany . };PREFIX foaf:< http://xmlns.com/foaf/0.1/> PREFIX data-nyt: <http://data. nytimes.com/element/> PREFIX geonames: <http://www.geonames.org/ontology#>   SELECT ?name ?location WHERE { ?artist foaf:based near data-nyt:N17957130964238223481.  ?location geonames:parentFeature ?germany . };PREFIX foaf:< http://xmlns.com/foaf/0.1/> PREFIX data-nyt: <http://data. nytimes.com/element/> PREFIX geonames: <http://www.geonames.org/ontology#>   SELECT ?name ?location WHERE { ?artist foaf:based near data-nyt:N17957130964238223481.  ?location geonames:parentFeature ?germany . };;;Dbpedia;http://dbpedia.org/sparql;New YorkTmes;http://data-gov.tw.rpi.edu:8080/joseki/sparql/nyt
15;  PREFIX foaf:< http://xmlns.com/foaf/0.1/> PREFIX geonames: <http://www.geonames.org/ontology#>  PREFIX db-r: <http://dbpedia.org/resource/>  SELECT ?name WHERE { db-r:California geonames:name ?name . ?y foaf:isPrimaryTopicOf ?news };PREFIX foaf:< http://xmlns.com/foaf/0.1/> PREFIX data-nyt: <http://data. nytimes.com/element/> PREFIX geonames: <http://www.geonames.org/ontology#>  SELECT ?name WHERE { data-nyt:56975960096322330571 geonames:name ?name . ?y foaf:isPrimaryTopicOf ?news } };PREFIX foaf:< http://xmlns.com/foaf/0.1/> PREFIX data-nyt: <http://data. nytimes.com/element/> PREFIX geonames: <http://www.geonames.org/ontology#>  SELECT ?name WHERE { data-nyt:56975960096322330571 geonames:name ?name . ?y foaf:isPrimaryTopicOf ?news } };;;Dbpedia;http://dbpedia.org/sparql;New YorkTmes;http://data-gov.tw.rpi.edu:8080/joseki/sparql/nyt
16;PREFIX db-r: <http://dbpedia.org/resource/>  SELECT ?y WHERE { ?y ?p db-r:Fernando Alonso };PREFIX bbc-r:<http://www.bbc.co.uk/things/> SELECT ?y WHERE { ?y ?p  bbc-r:f63149e9-c577-40b4-bd88-1efac54228db };PREFIX bbc-r:<http://www.bbc.co.uk/things/> SELECT ?y WHERE { ?y ?p  bbc-r:f63149e9-c577-40b4-bd88-1efac54228db };;;Dbpedia;http://dbpedia.org/sparql;BBC;http://bbc.openlinksw.com/sparql
17;"PREFIX db-r: <http://dbpedia.org/resource/>  PREFIX db-o: <http://dbpedia.org/ontology/> SELECT ?city WHERE { db-r: Seattle 80 Tacoma International Airport a db-o : Airport ; db-o: city ?city . }";"PREFIX bbc-r:<http://www.bbc.co.uk/things/> SELECT ?city WHERE {  bbc-r:d3cbd167-06d7-42c3-b23a-cce2657356c8#id a owl:Thing; ?p ?city .}";"PREFIX bbc-r:<http://www.bbc.co.uk/things/> SELECT ?city WHERE {  bbc-r:d3cbd167-06d7-42c3-b23a-cce2657356c8#id a owl:Thing; ?p ?city .}";;;Dbpedia;http://dbpedia.org/sparql;BBC;http://bbc.openlinksw.com/sparql
18;PREFIX drugbank: <http://www4.wiwiss.fu-berlin.de/drugbank/resource/drugs/> PREFIX rdf: <http://www.w3.org/1999/02/22-rdf-syntax-ns#> SELECT ?drug ?melt WHERE {?drug rdf:type drugbank:drugs . ?drug drugbank:meltingPoint ?melt .};PREFIX db-o: <http://dbpedia.org/ontology/>   SELECT ?drug ?melt WHERE  {?drug rdf:type db-o:drug . ?drug ?p ?melt. };PREFIX db-o: <http://dbpedia.org/ontology/>   SELECT ?drug ?melt WHERE  {?drug rdf:type db-o:drug . ?drug ?p ?melt. };;;Drugbank;http://wifo5-04.informatik.uni-mannheim.de/drugbank/sparql;Dbpedia;http://dbpedia.org/sparql
19;PREFIX drugbank-drugs: <http://www4.wiwiss.fu-berlin.de/drugbank/resource/drugs/> SELECT ?predicate ?object WHERE { drugbank-drugs:DB00201 ?predicate ?object .};PREFIX kegg: <http://bio2rdf.org/ns/kegg#>   SELECT ?predicate ?object WHERE { kegg:D005281 ?predicate ?object};PREFIX kegg: <http://bio2rdf.org/ns/kegg#>   SELECT ?predicate ?object WHERE { kegg:D005281 ?predicate ?object};;;Drugbank;http://wifo5-04.informatik.uni-mannheim.de/drugbank/sparql;KEGG;http://kegg.bio2rdf.org/sparql
20;PREFIX drugbank-drugs: <http://www4.wiwiss.fu-berlin.de/drugbank/resource/drugs/> SELECT ?x WHERE {drugbank-drugs:DB00404 rdfs:label ?x .};PREFIX sider: <http://www4.wiwiss.fu-berlin.de/sider/>   SELECT ?x WHERE {sider:2118 rdfs:label ?x .};PREFIX sider: <http://www4.wiwiss.fu-berlin.de/sider/>   SELECT ?x WHERE {sider:2118 rdfs:label ?x .};;;Drugbank;http://wifo5-04.informatik.uni-mannheim.de/drugbank/sparql;SIDER;http://bio2rdf.org/sparql
21;PREFIX sider: <http://www4.wiwiss.fu-berlin.de/sider/resource/> SELECT ?p1 ?y1 ?p2 ?y2 WHERE {sider:1690 ?p1 ?y1 . sider:119607 ?p2 ?y2 .};PREFIX drugbank-drug: <http://www4.wiwiss.fu-berlin.de/drugbank/resource/drugs/> SELECT ?p1 ?y1 ?p2 ?y2 WHERE {  drugbank-drugs::DB00445 ?p1 ?y1 . drugbank-drugs::DB00580 ?p2 ?y2 .};PREFIX drugbank-drug: <http://www4.wiwiss.fu-berlin.de/drugbank/resource/drugs/> SELECT ?p1 ?y1 ?p2 ?y2 WHERE {  drugbank-drugs::DB00445 ?p1 ?y1 . drugbank-drugs::DB00580 ?p2 ?y2 .};;;SIDER;http://bio2rdf.org/sparql;Drugbank;http://wifo5-04.informatik.uni-mannheim.de/drugbank/sparql
22;PREFIX drugbank: <http://www4.wiwiss.fu-berlin.de/drugbank/resource/drugs/>  PREFIX drugbank-drugs: <http://www4.wiwiss.fu-berlin.de/drugbank/resource/drugs/>  SELECT DISTINCT ?v0 ?v1 WHERE {drugbank-drugs:DB00194 drugbank:molecularWeightAverage ?v0. OPTIONAL { drugbank-drugs:DB00194 drugbank: molecularWeightMono ?v1. } };PREFIX db-r: <http://dbpedia.org/resource/>  PREFIX db-o: <http://dbpedia.org/ontology/>  SELECT DISTINCT ?v0 ?v1 WHERE { db-r:Vidarabine db-o:molecularWeight ?v0 . OPTIONAL {db-r:Vidarabine db-o:molecularWeight ?v1. } .};PREFIX db-r: <http://dbpedia.org/resource/>  PREFIX db-o: <http://dbpedia.org/ontology/>  SELECT DISTINCT ?v0 ?v1 WHERE { db-r:Vidarabine db-o:molecularWeight ?v0 . OPTIONAL {db-r:Vidarabine db-o:molecularWeight ?v1. } .};;;Drugbank;http://wifo5-04.informatik.uni-mannheim.de/drugbank/sparql;Dbpedia;http://dbpedia.org/sparql
23;PREFIX sider: <http://www4.wiwiss.fu-berlin.de/sider/resource/>  SELECT DISTINCT ?x WHERE { sider:8378 sider:drugName ?x. };PREFIX db-r: <http://dbpedia.org/resource/>  PREFIX db-o: <http://dbpedia.org/ontology/>   SELECT DISTINCT ?x WHERE {db-r:Allopurinol db-o:tradename ?x.};PREFIX db-r: <http://dbpedia.org/resource/>  PREFIX db-o: <http://dbpedia.org/ontology/>   SELECT DISTINCT ?x WHERE {db-r:Allopurinol db-o:tradename ?x.};;;SIDER;http://bio2rdf.org/sparql;Dbpedia;http://dbpedia.org/sparql
24;"PREFIX drugbank: <http://www4.wiwiss.fu-berlin.de/drugbank/resource/drugs/> SELECT DISTINCT ?dr ?br ?disease WHERE { drugbank:drugs/DB00115 drugbank:possibleDiseaseTarget ?disease; rdfs:label ?dr ; drugbank:brandName ?br.}";"PREFIX drugbank-d: <http://www4.wiwiss.fu-berlin.de/drugbank/resource/drugs/> SELECT DISTINCT ?dr ?br ?disease WHERE { drugbank-d:DB00115 ?p ?disease ; rdfs:label ?dr ; ?p2 ?br . }";"PREFIX drugbank-d: <http://www4.wiwiss.fu-berlin.de/drugbank/resource/drugs/> SELECT DISTINCT ?dr ?br ?disease WHERE { drugbank-d:DB00115 ?p ?disease ; rdfs:label ?dr ; ?p2 ?br . }";;;Drugbank;http://wifo5-04.informatik.uni-mannheim.de/drugbank/sparql;Diseasome;http://www4.wiwiss.fu-berlin.de/diseasome/sparql
25;PREFIX drugbank: <http://www4.wiwiss.fu-berlin.de/drugbank/resource/drugs/> SELECT ?IntEffect WHERE { ?Int drugbank:interactionDrug1 drugbank-d:DB01203 . ?Int drugbank:interactionDrug2 drugbank-d:DB00414 . ?Int drugbank:text ?IntEffect .};PREFIX db-r: <http://dbpedia.org/resource/>  SELECT ?IntEffect WHERE { ?Int ?a  db-r:Nadolol. ?Int ?b db-r:Acetohexamide. ?Int ?c ?IntEffect .};PREFIX db-r: <http://dbpedia.org/resource/>  SELECT ?IntEffect WHERE { ?Int ?a  db-r:Nadolol. ?Int ?b db-r:Acetohexamide. ?Int ?c ?IntEffect .};;;Drugbank;http://wifo5-04.informatik.uni-mannheim.de/drugbank/sparql;Dbpedia;http://dbpedia.org/sparql
26;PREFIX sider: <http://www4.wiwiss.fu-berlin.de/sider/>  SELECT ?drug WHERE { ?sider sider:drug name ?drug . ?sider sider:side effect ?effect . FILTER regex (?drug,?Fenofibrate|Aspirin|Rosuvastatin|Levothyroxine|Valsartan?,?i? ) };PREFIX drugbank <http://www4.wiwiss.fu-berlin.de/drugbank/>  SELECT ?drug WHERE{ ?sider drugbank:drug name ?drug . ?sider ?p ?effect . FILTER regex (?drug,?Fenofibrate|Aspirin|Rosuvastatin|Levothyroxine|Valsartan?,?i? ) . };PREFIX drugbank <http://www4.wiwiss.fu-berlin.de/drugbank/>  SELECT ?drug WHERE{ ?sider drugbank:drug name ?drug . ?sider ?p ?effect . FILTER regex (?drug,?Fenofibrate|Aspirin|Rosuvastatin|Levothyroxine|Valsartan?,?i? ) . };;;SIDER;http://bio2rdf.org/sparql;Drugbank;http://wifo5-04.informatik.uni-mannheim.de/drugbank/sparql
27;PREFIX sider: <http://www4.wiwiss.fu-berlin.de/sider/resource/>  SELECT ?se ?sen WHERE {sider:drugs/4095 sider:sideEffect ?se .?se sider:sideEffectName ?sen .};PREFIX drugbank-d: <http://www4.wiwiss.fu-berlin.de/drugbank/resource/drugs/> SELECT ?se ?sen WHERE { drugbank-d:DB00333 ?p1 ?se. ?se ?p2 ?sen.};PREFIX drugbank-d: <http://www4.wiwiss.fu-berlin.de/drugbank/resource/drugs/> SELECT ?se ?sen WHERE { drugbank-d:DB00333 ?p1 ?se. ?se ?p2 ?sen.};;;SIDER;http://bio2rdf.org/sparql;Drugbank;http://wifo5-04.informatik.uni-mannheim.de/drugbank/sparql
28;PREFIX rdfs: <http://www.w3.org/2000/01/rdf-schema#>   PREFIX rdf: <http://www.w3.org/1999/02/22-rdf-syntax-ns\#> PREFIX kegg: <http://bio2rdf.org/ns/kegg\#> SELECT ?drugDesc ?cpd WHERE { ?drug drugbank:keggCompoundId ?cpd . ?drug rdfs:label ?drugDesc . ?enzyme kegg:xSubstrate ?cpd . ?enzyme rdf:type kegg:Enzyme .};PREFIX drugbank <http://www4.wiwiss.fu-berlin.de/drugbank/> SELECT ?drugDesc ?cpd WHERE  {  ?drug drugbank:keggCompoundId ?cpd .  ?drug rdfs:label ?drugDesc . ?enzyme ?p1 ?cpd . ?enzyme rdf:type drugbank:drugs. };PREFIX drugbank <http://www4.wiwiss.fu-berlin.de/drugbank/> SELECT ?drugDesc ?cpd WHERE  {  ?drug drugbank:keggCompoundId ?cpd .  ?drug rdfs:label ?drugDesc . ?enzyme ?p1 ?cpd . ?enzyme rdf:type drugbank:drugs. };;;KEGG;http://kegg.bio2rdf.org/sparql;Drugbank;http://wifo5-04.informatik.uni-mannheim.de/drugbank/sparql
29;PREFIX chebi: <http://chem2bio2rdf.org/chebi/> PREFIX foaf:< http://xmlns.com/foaf/0.1/> PREFIX purlc: <http://purl.org/dc/terms/>  SELECT ?drug ?chebiImage WHERE { ?drug foaf:name ?drugBankName . ?chebiDrug purl:title ?drugBankName . ?chebiDrug chebi:image ?chebiImage . };PREFIX foaf:< http://xmlns.com/foaf/0.1/>  SELECT ?drug ?chebiImage WHERE { ?drug foaf:name ?drugBankName .  ?chebiDrug purl:title ?drugBankName . ?chebiDrug ?p1 ?chebiImage . };PREFIX foaf:< http://xmlns.com/foaf/0.1/>  SELECT ?drug ?chebiImage WHERE { ?drug foaf:name ?drugBankName .  ?chebiDrug purl:title ?drugBankName . ?chebiDrug ?p1 ?chebiImage . };;;CHEBI;http://chebi.bio2rdf.org/sparql;Drugbank;http://wifo5-04.informatik.uni-mannheim.de/drugbank/sparql
30;PREFIX drugbank: <http://www4.wiwiss.fu-berlin.de/drugbank/resource/drugs/>  PREFIX kegg: <http://bio2rdf.org/ns/kegg#>  SELECT ?drug ?keggDrug WHERE { ?drug drugbank:drugCategory drugbank:category/micronutrient . ?drug drugbank:casRegistryNumber ?id . ?keggDrug kegg:xRef ?id . } LIMIT 100;PREFIX kegg: <http://bio2rdf.org/kegg_vocabulary:>  SELECT ?drug ?keggDrug WHERE { ?drug ?p1 ?o1 . ?drug ?p2 ?id . ?keggDrug kegg:xRef ?id . } LIMIT 100;PREFIX kegg: <http://bio2rdf.org/kegg_vocabulary:>  SELECT ?drug ?keggDrug WHERE { ?drug ?p1 ?o1 . ?drug ?p2 ?id . ?keggDrug kegg:xRef ?id . } LIMIT 100;;;Drugbank;http://wifo5-04.informatik.uni-mannheim.de/drugbank/sparql;KEGG;http://kegg.bio2rdf.org/sparql
31;PREFIX bne-r: <http://datos.bne.es/resource/> SELECT DISTINCT ?p ?o WHERE { bne-r:XX1718747 ?p ?o .};PREFIX bnb:  <http://bnb.data.bl.uk/id/person/>   SELECT DISTINCT ?p ?o WHERE { bnb:CervantesSaavedraMiguelde1547-1616 ?p ?o .};PREFIX bnb:  <http://bnb.data.bl.uk/id/person/>   SELECT DISTINCT ?p ?o WHERE { bnb:CervantesSaavedraMiguelde1547-1616 ?p ?o .};;;BNE;http://datos.bne.es/sparql;BNB;http://bnb.data.bl.uk/sparql
32;PREFIX db-o: <http://dbpedia.org/ontology/>   PREFIX db-r: <http://dbpedia.org/resource/> PREFIX foaf:< http://xmlns.com/foaf/0.1/>  SELECT DISTINCT ?label ?author WHERE {db-r:Pride and Prejudice a db-o:Book . db-r:Pride and Prejudice foaf:name ?label . db-r:Pride and Prejudice db-o:author ?author . ?author a db-o:Artist .;PREFIX foaf:< http://xmlns.com/foaf/0.1/> PREFIX dct: <http://purl.org/dc/terms/> SELECT DISTINCT ?label ?author  WHERE { cam:cambrdgedb79f80074f  a ?o . cam:cambrdgedb79f80074f rdfs:label ?label .  cam:cambrdgedb79f80074f dct:creator ?author . ?author a foaf:Person.};PREFIX foaf:< http://xmlns.com/foaf/0.1/> PREFIX dct: <http://purl.org/dc/terms/> SELECT DISTINCT ?label ?author  WHERE { cam:cambrdgedb79f80074f  a ?o . cam:cambrdgedb79f80074f rdfs:label ?label .  cam:cambrdgedb79f80074f dct:creator ?author . ?author a foaf:Person.};;;Dbpedia;http://dbpedia.org/sparql;Cambridge;http://data.lib.cam.ac.uk/endpoint.php
33;PREFIX db-o: <http://dbpedia.org/ontology/>   PREFIX db-r: <http://dbpedia.org/resource/>  SELECT ?a ?birth WHERE {?a db-o:writer db-r:Leo Tolstoy . OPTIONAL { db-r:Leo Tolstoy db-o:dateOfBirth ?birth. }};PREFIX bne-r: <http://datos.bne.es/resource/> SELECT ?a ?birth WHERE { bne-r:XX933715 fr:P2010 ?a . OPTIONAL { bne-r:XX933715 fr:P3040 ?birth. }.};PREFIX bne-r: <http://datos.bne.es/resource/> SELECT ?a ?birth WHERE { bne-r:XX933715 fr:P2010 ?a . OPTIONAL { bne-r:XX933715 fr:P3040 ?birth. }.};;;Dbpedia;http://dbpedia.org/sparql;BNE;http://datos.bne.es/sparql
34;PREFIX dblp-r:  <http://dblp.rkbexplorer.com/id/> PREFIX akt: <http://www.aktors.org/ontology/portal#> SELECT * WHERE {?a akt:has-author dblp-r:person/100007. ?e akt:edited-by dblp-r:person/100007. };PREFIX db-r: <http://dbpedia.org/resource/>  PREFIX db-o: <http://dbpedia.org/ontology/>   SELECT * WHERE {?a db-o:author db-r:Tim Berners-Lee . OPTIONAL {?e db-o:owner db-r:Tim Berners-Lee .}};PREFIX db-r: <http://dbpedia.org/resource/>  PREFIX db-o: <http://dbpedia.org/ontology/>   SELECT * WHERE {?a db-o:author db-r:Tim Berners-Lee . OPTIONAL {?e db-o:owner db-r:Tim Berners-Lee .}};;;DBLP;http://dblp.rkbexplorer.com/sparql/;Dbpedia;http://dbpedia.org/sparql
35;PREFIX db-o: <http://dbpedia.org/ontology/>   SELECT DISTINCT ?a ?r WHERE ?a db-o:publishedIn ?r;PREFIX dblp:  <http://dblp.rkbexplorer.com/> SELECT DISTINCT ?a ?r WHERE {?a ?p ?r};PREFIX dblp:  <http://dblp.rkbexplorer.com/> SELECT DISTINCT ?a ?r WHERE {?a ?p ?r};;;Dbpedia;http://dbpedia.org/sparql;DBLP;http://dblp.rkbexplorer.com/sparql/
36;PREFIX dblp:  <http://dblp.rkbexplorer.com/> PREFIX akt: <http://www.aktors.org/ontology/portal#> SELECT ?article WHERE { ?article dblp:Article IsWrittenBy ?author . ?author akt:full-name ?Author . FILTER ( regex ( ?Author, ?Tanenbaum?, ?i? ) )} ORDER BY ?Author;PREFIX foaf:< http://xmlns.com/foaf/0.1/> PREFIX bnb:  <http://bnb.data.bl.uk/>    SELECT ?article WHERE {?author bnb:hascreated ?article .?author foaf:name ?Author .  FILTER (regex(?Author, ?Tanenbaum?, ?i?)) ORDER BY ?Author};PREFIX foaf:< http://xmlns.com/foaf/0.1/> PREFIX bnb:  <http://bnb.data.bl.uk/>    SELECT ?article WHERE {?author bnb:hascreated ?article .?author foaf:name ?Author .  FILTER (regex(?Author, ?Tanenbaum?, ?i?)) ORDER BY ?Author};;;DBLP;http://dblp.rkbexplorer.com/sparql/;BNB;http://bnb.data.bl.uk/sparql
37;"PREFIX purlc: <http://purl.org/dc/terms/> PREFIX bibo: <http://purl.org/ontology/bibo/>  PREFIX bnb-person: <http://bnb.data.bl.uk/id/person/> SELECT ?book ?isbn ?title WHERE { ?book purlc:creator bnb-person:Althea; bibo:isbn10 ?isbn; purlc:title ?title. } LIMIT 10";"PREFIX bnf-ark:<http://catalogue.bnf.fr/ark:> PREFIX bibo: <http://purl.org/ontology/bibo/> PREFIX dct: <http://purl.org/dc/terms/>   SELECT ?book ?isbn ?title WHERE { ?book dct:creator ?author; bibo:isbn10 ?isbn; dct:title ?title.} LIMIT 10";"PREFIX bnf-ark:<http://catalogue.bnf.fr/ark:> PREFIX bibo: <http://purl.org/ontology/bibo/> PREFIX dct: <http://purl.org/dc/terms/>   SELECT ?book ?isbn ?title WHERE { ?book dct:creator ?author; bibo:isbn10 ?isbn; dct:title ?title.} LIMIT 10";;;BNB;http://bnb.data.bl.uk/sparql;BNF;http://data.bnf.fr/sparql/
38;PREFIX bnb-person: <http://bnb.data.bl.uk/id/person/>  SELECT * WHERE { ?subject ?predicate bnb-person:AustenJane1775-1817};SELECT * WHERE {?subject ?predicate <http://catalogue.bnf.fr/ark:/12148/cb118896036> };SELECT * WHERE {?subject ?predicate <http://catalogue.bnf.fr/ark:/12148/cb118896036> };;;BNB;http://bnb.data.bl.uk/sparql;BNF;http://data.bnf.fr/sparql/
39;PREFIX purlc: <http://purl.org/dc/terms/> PREFIX bibo: <http://purl.org/ontology/bibo/> SELECT DISTINCT ?book ?title WHERE { ?book bibo:isbn10 ?0851221033?. ?book a bibo:Book . ?book purlc:title ?title.};PREFIX db-r: <http://dbpedia.org/resource/>  PREFIX db-o: <http://dbpedia.org/ontology/>  SELECT DISTINCT ?book ?title WHERE { ?book db-o:isbn ?0851221033?. ?book a db-o:Book . ?book dct:title ?title.};PREFIX db-r: <http://dbpedia.org/resource/>  PREFIX db-o: <http://dbpedia.org/ontology/>  SELECT DISTINCT ?book ?title WHERE { ?book db-o:isbn ?0851221033?. ?book a db-o:Book . ?book dct:title ?title.};;;BNB;http://bnb.data.bl.uk/sparql;Dbpedia;http://dbpedia.org/sparql
40;PREFIX foaf:< http://xmlns.com/foaf/0.1/>  PREFIX bnf:<http://data.bnf.fr/vocabulary/roles/> SELECT ?auteur ?jour ?nom WHERE { ?auteur foaf:birthday ?jour. ?doc bnf:r220 ?auteur. OPTIONAL {?auteur foaf:name ?nom } } ORDER BY (?jour) LIMIT 10;PREFIX db-r: <http://dbpedia.org/resource/>  PREFIX db-o: <http://dbpedia.org/ontology/>   SELECT ?auteur ?jour ?nom WHERE { ?auteur ?p ?jour. ?doc db-o:author ?auteur.  OPTIONAL {?auteur foaf:name ?nom} } ORDER BY (?jour) LIMIT 10;PREFIX db-r: <http://dbpedia.org/resource/>  PREFIX db-o: <http://dbpedia.org/ontology/>   SELECT ?auteur ?jour ?nom WHERE { ?auteur ?p ?jour. ?doc db-o:author ?auteur.  OPTIONAL {?auteur foaf:name ?nom} } ORDER BY (?jour) LIMIT 10;;;BNF;http://data.bnf.fr/sparql/;Dbpedia;http://dbpedia.org/sparql
41;"PREFIX purlc: <http://purl.org/dc/terms/> PREFIX foaf:< http://xmlns.com/foaf/0.1/>   PREFIX rdfs: <http://www.w3.org/2000/01/rdf-schema#>  SELECT DISTINCT ?work ?title WHERE { ?work foaf:focus ?person. ?work purlc:creator ?person ; rdfs:label ?title . } LIMIT 10";"PREFIX foaf:< http://xmlns.com/foaf/0.1/> SELECT DISTINCT ?work ?title WHERE {  ?work foaf:focus ?person. ?work dcterms:creator ?person ; rdfs:label ?title . } LIMIT 10";"PREFIX foaf:< http://xmlns.com/foaf/0.1/> SELECT DISTINCT ?work ?title WHERE {  ?work foaf:focus ?person. ?work dcterms:creator ?person ; rdfs:label ?title . } LIMIT 10";;;BNF;http://data.bnf.fr/sparql/;Dbpedia;http://dbpedia.org/sparql
42; PREFIX rdf: <http://www.w3.org/1999/02/22-rdf-syntax-ns#> PREFIX frbr: <http://purl.org/vocab/frbr/core#> PREFIX isbd: <http://iflastandards.info/ns/isbd/elements/> SELECT DISTINCT ?item WHERE { ?item rdf:type frbr:C1003 . ?item isbd:P1004 ?Decamerone? };PREFIX db-o: <http://dbpedia.org/ontology/>  SELECT DISTINCT ?item WHERE { ?item a db-o:Book.  ?item db-o:titleOrig ?Decamerone?@en . };PREFIX db-o: <http://dbpedia.org/ontology/>  SELECT DISTINCT ?item WHERE { ?item a db-o:Book.  ?item db-o:titleOrig ?Decamerone?@en . };;;BNE;http://datos.bne.es/sparql;Dbpedia;http://dbpedia.org/sparql
43;"PREFIX purlc: <http://purl.org/dc/terms/>  SELECT DISTINCT ?Edition WHERE { ?Edition a purlc:Manifestation; purlc:subject ?subject. } LIMIT 10";"SELECT DISTINCT ?Edition WHERE { ?Edition a ?o; ?p ?subject.  } LIMIT 10";"SELECT DISTINCT ?Edition WHERE { ?Edition a ?o; ?p ?subject.  } LIMIT 10";;;BNF;http://data.bnf.fr/sparql/;Dbpedia;http://dbpedia.org/sparql
44;PREFIX frbr: <http://purl.org/vocab/frbr/core#>  SELECT DISTINCT ?item WHERE { ?item rdf:type frbr:C1002. ?item frbr:P2002 <http://datos.bne.es/resource/XX3383594> };PREFIX bnf-ark:<http://catalogue.bnf.fr/ark:>  SELECT DISTINCT ?item WHERE  { ?item rdf:type ?i . ?item ?p bnf-ark:131654249 };PREFIX bnf-ark:<http://catalogue.bnf.fr/ark:>  SELECT DISTINCT ?item WHERE  { ?item rdf:type ?i . ?item ?p bnf-ark:131654249 };;;BNE;http://datos.bne.es/sparql;BNF;http://data.bnf.fr/sparql/
45; PREFIX purlc: <http://purl.org/dc/terms/>  PREFIX rdf: <http://www.w3.org/1999/02/22-rdf-syntax-ns#>  PREFIX rdfs: <http://www.w3.org/2000/01/rdf-schema#>  PREFIX foaf:< http://xmlns.com/foaf/0.1/> SELECT ?yr ?name ?document WHERE { ?class rdfs:subClassOf foaf:Document . ?document rdf:type ?class . ?document purl:creator ?author . ?author foaf:name ?name  OPTIONAL {?class2  rdfs:subClassOf foaf:Document . ?document2 rdf:type ?class2 . ?document2 dc:creator ?author2 .FILTER (?author=?author2) }};PREFIX foaf:< http://xmlns.com/foaf/0.1/>  SELECT ?yr ?name ?document WHERE { ?class rdfs:subClassOf foaf:Document . ?document rdf:type ?class .  ?document dc:creator ?author . ?author foaf:name ?name OPTIONAL { ?class2 rdfs:subClassOf foaf:Document . ?document2 rdf:type ?class2 . ?document2 dc:creator ?author2 . FILTER (?author=?author2 ) }};PREFIX foaf:< http://xmlns.com/foaf/0.1/>  SELECT ?yr ?name ?document WHERE { ?class rdfs:subClassOf foaf:Document . ?document rdf:type ?class .  ?document dc:creator ?author . ?author foaf:name ?name OPTIONAL { ?class2 rdfs:subClassOf foaf:Document . ?document2 rdf:type ?class2 . ?document2 dc:creator ?author2 . FILTER (?author=?author2 ) }};;;SP2B;http://localhost/sparql;Dbpedia;http://dbpedia.org/sparql
46;PREFIX person: <http://localhost/persons/> SELECT ?s WHERE { person:Paul Erdoes sp:advisor ?s. OPTIONAL{ person:John von Neumann sp:advisor ?s}};PREFIX db-r: <http://dbpedia.org/resource/>  SELECT ?s WHERE { db-r:Paul Erdoes ?p1 ?s.  OPTIONAL{ db-r:John von Neumann  ?p2 ?s } };PREFIX db-r: <http://dbpedia.org/resource/>  SELECT ?s WHERE { db-r:Paul Erdoes ?p1 ?s.  OPTIONAL{ db-r:John von Neumann  ?p2 ?s } };;;SP2B;http://localhost/sparql;Dbpedia;http://dbpedia.org/sparql
47;PREFIX rdf: <http://www.w3.org/1999/02/22-rdf-syntax-ns#>  PREFIX rdfs: <http://www.w3.org/2000/01/rdf-schema#>  PREFIX foaf:< http://xmlns.com/foaf/0.1/> SELECT DISTINCT ?predicate WHERE { { ?person rdf:type foaf:Person . ?subject ?predicate ?person} UNION { ?person rdf:type foaf:Person . ?person ?predicate ?object }};PREFIX foaf:< http://xmlns.com/foaf/0.1/>  SELECT DISTINCT ?predicate WHERE { {  ?person rdf:type foaf:Person . ?subject ?predicate ?person } UNION { ?person rdf:type foaf:Person . ?person ?predicate ?object }};PREFIX foaf:< http://xmlns.com/foaf/0.1/>  SELECT DISTINCT ?predicate WHERE { {  ?person rdf:type foaf:Person . ?subject ?predicate ?person } UNION { ?person rdf:type foaf:Person . ?person ?predicate ?object }};;;SP2B;http://localhost/sparql;Dbpedia;http://dbpedia.org/sparql
48;PREFIX person: <http://localhost/persons/> SELECT ?subject ?predicate WHERE { ?subject ?predicate person:Paul Erdoes };PREFIX db-r: <http://dbpedia.org/resource/>  SELECT ?subject ?predicate WHERE {  ?subject ?predicate db-r:Paul Erdoes };PREFIX db-r: <http://dbpedia.org/resource/>  SELECT ?subject ?predicate WHERE {  ?subject ?predicate db-r:Paul Erdoes };;;SP2B;http://localhost/sparql;Dbpedia;http://dbpedia.org/sparql
49;PREFIX db-r: <http://dbpedia.org/resource/>  PREFIX db-o: <http://dbpedia.org/ontology/> SELECT ?y WHERE { ?y db-o:binomialAuthority db-r:Johan Christian Fabricius. } LIMIT 10;PREFIX libris: <http://libris.kb.se/vocabulary/experimental#>  SELECT ?y WHERE {  ?y ?p libris:335843 } LIMIT 10;PREFIX libris: <http://libris.kb.se/vocabulary/experimental#>  SELECT ?y WHERE {  ?y ?p libris:335843 } LIMIT 10;;;Dbpedia;http://dbpedia.org/sparql;LIBRIS;http://lab3.libris.kb.se/sparql
50;PREFIX purlc: <http://purl.org/dc/terms/> SELECT ?yr WHERE { ?journal rdf:type sp:Journal . ?journal purlc:title ?Journal 1 (1940)?8sd:string . ?journal purlc:issued ?yr };PREFIX db-o: <http://dbpedia.org/ontology/> PREFIX dc: <http://purl.org/dc/elements/1.1/>    PREFIX dct: <http://purl.org/dc/terms/>  SELECT ?yr WHERE { ?journal rdf:type db-o:AcademicJournal . ?journal dc:title ?Journal 1 (1940)?8sd:string .   ?journal dcterms:issued ?yr };PREFIX db-o: <http://dbpedia.org/ontology/> PREFIX dc: <http://purl.org/dc/elements/1.1/>    PREFIX dct: <http://purl.org/dc/terms/>  SELECT ?yr WHERE { ?journal rdf:type db-o:AcademicJournal . ?journal dc:title ?Journal 1 (1940)?8sd:string .   ?journal dcterms:issued ?yr };;;SP2B;http://localhost/sparql;Dbpedia;http://dbpedia.org/sparql
51;PREFIX foaf:< http://xmlns.com/foaf/0.1/>  PREFIX db-o: <http://dbpedia.org/ontology/> SELECT ?actor WHERE { ?film foaf:name ?Top Gun? . ?film db-o:starring ?actor .};PREFIX movie: <http://data.linkedmdb.org/resource/movie/> PREFIX foaf:< http://xmlns.com/foaf/0.1/>  SELECT ?actor WHERE { ?film foaf:name ?Top Gun? . ?film movie:actor ?actor .};PREFIX movie: <http://data.linkedmdb.org/resource/movie/> PREFIX foaf:< http://xmlns.com/foaf/0.1/>  SELECT ?actor WHERE { ?film foaf:name ?Top Gun? . ?film movie:actor ?actor .};;;Dbpedia;http://dbpedia.org/sparql;LinkedMDB;http://www.linkedmdb.org/snorql/
52;PREFIX db-p: <http://dbpedia.org/property/> PREFIX db-o: <http://dbpedia.org/ontology/> SELECT ?film ?director ?genre WHERE { ?film db-o:director ?director. ?film db-p:country ?Italy?.  ?film db-o:genre ?genre .};PREFIX movie: <http://data.linkedmdb.org/resource/movie/> PREFIX db: <http://data.linkedmdb.org/resource/> SELECT ?film ?director ?genre WHERE {?film movie:director ?director. ?film movie:country 'Italy'. ?film movie:genre ?genre .};PREFIX movie: <http://data.linkedmdb.org/resource/movie/> PREFIX db: <http://data.linkedmdb.org/resource/> SELECT ?film ?director ?genre WHERE {?film movie:director ?director. ?film movie:country 'Italy'. ?film movie:genre ?genre .};;;Dbpedia;http://dbpedia.org/sparql;LinkedMDB;http://www.linkedmdb.org/snorql/
53;PREFIX foaf:< http://xmlns.com/foaf/0.1/>  PREFIX db-o: <http://dbpedia.org/ontology/> SELECT ?name ?band WHERE  {?artist foaf:name ?name. ?band db-o:formerBandMember ?artist. ?band foaf:name ?The Beatles?.};PREFIX rdfs: <http://www.w3.org/2000/01/rdf-schema#> SELECT ?name ?band WHERE {?artist rdfs:label ?name. ?artist ?p ?band. ?band rdfs:label ?The Beatles? .};PREFIX rdfs: <http://www.w3.org/2000/01/rdf-schema#> SELECT ?name ?band WHERE {?artist rdfs:label ?name. ?artist ?p ?band. ?band rdfs:label ?The Beatles? .};;;Dbpedia;http://dbpedia.org/sparql;MusicBrainz;http://dbtune.org/musicbrainz/sparql
54;PREFIX foaf:< http://xmlns.com/foaf/0.1/>  PREFIX db-o: <http://dbpedia.org/ontology/>  PREFIX rdf: <http://www.w3.org/1999/02/22-rdf-syntax-ns#> SELECT ?album   WHERE {?album rdf:type db-o:Album . ?album db-o:artist ?artist. ?artist foaf:name ?Slayer?.};PREFIX rdf: <http://www.w3.org/1999/02/22-rdf-syntax-ns#> PREFIX mo: <http://purl.org/ontology/mo/>  PREFIX foaf:< http://xmlns.com/foaf/0.1/> SELECT ?album WHERE {?album rdf:type mo:Record . ?album foaf:maker ?artist . ?artist foaf:name Slayer .};PREFIX rdf: <http://www.w3.org/1999/02/22-rdf-syntax-ns#> PREFIX mo: <http://purl.org/ontology/mo/>  PREFIX foaf:< http://xmlns.com/foaf/0.1/> SELECT ?album WHERE {?album rdf:type mo:Record . ?album foaf:maker ?artist . ?artist foaf:name Slayer .};;;Dbpedia;http://dbpedia.org/sparql;MusicBrainz;http://dbtune.org/musicbrainz/sparql
55;PREFIX rdfs: <http://www.w3.org/2000/01/rdf-schema#>  PREFIX foaf:< http://xmlns.com/foaf/0.1/> SELECT DISTINCT ?a WHERE { ?a a foaf:Person .  ?a rdfs:label ?n . FILTER (regex(?n, ?John?,?i?)) .};PREFIX rdfs: <http://www.w3.org/2000/01/rdf-schema#>  PREFIX foaf:< http://xmlns.com/foaf/0.1/>   SELECT DISTINCT ?a WHERE { ?a a foaf:Person. ?a rdfs:label ?n. FILTER (regex(?n, ?John?,?i?)) .};PREFIX rdfs: <http://www.w3.org/2000/01/rdf-schema#>  PREFIX foaf:< http://xmlns.com/foaf/0.1/>   SELECT DISTINCT ?a WHERE { ?a a foaf:Person. ?a rdfs:label ?n. FILTER (regex(?n, ?John?,?i?)) .};;;LinkedMDB;http://www.linkedmdb.org/snorql/;Dbpedia;http://dbpedia.org/sparql
56;PREFIX movie: <http://data.linkedmdb.org/resource/movie/> SELECT DISTINCT ?a WHERE  {movie:46921 ?p ?a .};PREFIX db-r: <http://dbpedia.org/resource/> SELECT DISTINCT ?a WHERE { db-r:The Other Side of the Wind ?p ?a .};PREFIX db-r: <http://dbpedia.org/resource/> SELECT DISTINCT ?a WHERE { db-r:The Other Side of the Wind ?p ?a .};;;LinkedMDB;http://www.linkedmdb.org/snorql/;Dbpedia;http://dbpedia.org/sparql
57;"PREFIX db-p: <http://dbpedia.org/property/> PREFIX db-o: <http://dbpedia.org/ontology/> PREFIX foaf:< http://xmlns.com/foaf/0.1/>  SELECT ?movieName WHERE { ?woody foaf:name ?Woody Allen?@en. ?actor foaf:name ?Julie Kavner?@en. ?movie db-o:director ?woody;  db-o:starring ?actor; db-p:title ?movieName. }";"PREFIX movie: <http://data.linkedmdb.org/resource/movie/> PREFIX purlc: <http://purl.org/dc/terms/>  PREFIX foaf:< http://xmlns.com/foaf/0.1/> SELECT ?movieName WHERE { ?woody foaf:name ?Woody Allen?. ?actor movie:actor name ?Julie Kavner?. ?movie movie:director ?woody; movie:actor ?actor; purlc:title ?movieName.}";"PREFIX movie: <http://data.linkedmdb.org/resource/movie/> PREFIX purlc: <http://purl.org/dc/terms/>  PREFIX foaf:< http://xmlns.com/foaf/0.1/> SELECT ?movieName WHERE { ?woody foaf:name ?Woody Allen?. ?actor movie:actor name ?Julie Kavner?. ?movie movie:director ?woody; movie:actor ?actor; purlc:title ?movieName.}";;;Dbpedia;http://dbpedia.org/sparql;LinkedMDB;http://www.linkedmdb.org/snorql/
58;PREFIX db-o: <http://dbpedia.org/ontology/>   PREFIX db-r: <http://dbpedia.org/resource/> SELECT ?actor WHERE  { db-r:E.T. the ExtraTerrestrial db-o:starring ?actor . };PREFIX movie: <http://data.linkedmdb.org/resource/movie/> PREFIX db: <http://data.linkedmdb.org/resource/>  SELECT ?actor WHERE { db:film/154 movie:actor ?actor. };PREFIX movie: <http://data.linkedmdb.org/resource/movie/> PREFIX db: <http://data.linkedmdb.org/resource/>  SELECT ?actor WHERE { db:film/154 movie:actor ?actor. };;;Dbpedia;http://dbpedia.org/sparql;LinkedMDB;http://www.linkedmdb.org/snorql/
59;PREFIX db-o: <http://dbpedia.org/ontology/>   PREFIX db-r: <http://dbpedia.org/resource/>  SELECT ?writer WHERE { db-r:Interstellar (film) db-o:writer ?writer . };PREFIX movie: <http://data.linkedmdb.org/resource/movie/> PREFIX db: <http://data.linkedmdb.org/resource/>  SELECT ?writer WHERE { db:film/8304 movie:writer ?writer . };PREFIX movie: <http://data.linkedmdb.org/resource/movie/> PREFIX db: <http://data.linkedmdb.org/resource/>  SELECT ?writer WHERE { db:film/8304 movie:writer ?writer . };;;Dbpedia;http://dbpedia.org/sparql;LinkedMDB;http://www.linkedmdb.org/snorql/
60;PREFIX movie: <http://data.linkedmdb.org/resource/movie/> SELECT distinct ?actor ?place WHERE {?actor a movie:actor. ?actor ?p ?place . } LIMIT 100;PREFIX db-o: <http://dbpedia.org/ontology/>  SELECT distinct ?actor ?place WHERE {?actor a db-o:Actor.?actor ?p ?place } LIMIT 100;PREFIX db-o: <http://dbpedia.org/ontology/>  SELECT distinct ?actor ?place WHERE {?actor a db-o:Actor.?actor ?p ?place } LIMIT 100;;;LinkedMDB;http://www.linkedmdb.org/snorql/;Dbpedia;http://dbpedia.org/sparql
61;"PREFIX rdfs: <http://www.w3.org/2000/01/rdf-schema#>  PREFIX mo: <http://purl.org/ontology/mo/>  PREFIX foaf:< http://xmlns.com/foaf/0.1/>   SELECT ?uri ?name ?label WHERE {  ?uri a mo:MusicArtist; foaf:name ?name; rdfs:label ?label. FILTER(?name = ?The Beatles?). FILTER (lang(?label) = ?en?)}";"PREFIX mo: <http://purl.org/ontology/mo/> PREFIX rdfs: <http://www.w3.org/2000/01/rdf-schema#>  PREFIX foaf:< http://xmlns.com/foaf/0.1/> SELECT ?uri ?name ?label WHERE { ?uri a mo:MusicArtist; foaf:name ?name; rdfs:label ?label. FILTER ( ?name = ?The Beatles? ). FILTER (lang(?label) = ?en?). }";"PREFIX mo: <http://purl.org/ontology/mo/> PREFIX rdfs: <http://www.w3.org/2000/01/rdf-schema#>  PREFIX foaf:< http://xmlns.com/foaf/0.1/> SELECT ?uri ?name ?label WHERE { ?uri a mo:MusicArtist; foaf:name ?name; rdfs:label ?label. FILTER ( ?name = ?The Beatles? ). FILTER (lang(?label) = ?en?). }";;;Jamendo;http://dbtune.org/jamendo/sparql/;MusicBrainz;http://dbtune.org/musicbrainz/sparql
62;"PREFIX db-o: <http://dbpedia.org/ontology/>   PREFIX db-r: <http://dbpedia.org/resource/>  SELECT (STR(?title) as ?stitle) ?album WHERE {  foaf:made ?album.?album a db-o:MusicalWork; dc:title ?title} order by ?title";"PREFIX purlc: <http://purl.org/dc/terms/> PREFIX mo: <http://purl.org/ontology/mo/>   PREFIX foaf:< http://xmlns.com/foaf/0.1/> SELECT (STR(?title) AS ?stitle) ?album WHERE { foaf:made ?album. ?album a ?o; purlc:title ?title. } order by ?title";"PREFIX purlc: <http://purl.org/dc/terms/> PREFIX mo: <http://purl.org/ontology/mo/>   PREFIX foaf:< http://xmlns.com/foaf/0.1/> SELECT (STR(?title) AS ?stitle) ?album WHERE { foaf:made ?album. ?album a ?o; purlc:title ?title. } order by ?title";;;Dbpedia;http://dbpedia.org/sparql;MusicBrainz;http://dbtune.org/musicbrainz/sparql
63;PREFIX data-nyt: <http://data. nytimes.com/element/> SELECT ?predicate ?object WHERE { data-nyt:47452218948077706853 ?predicate ?object . };PREFIX db-r: <http://dbpedia.org/resource/> SELECT ?predicate ?object WHERE { db-r:Barack Obama ?predicate ?object . };PREFIX db-r: <http://dbpedia.org/resource/> SELECT ?predicate ?object WHERE { db-r:Barack Obama ?predicate ?object . };;;New YorkTmes;http://data-gov.tw.rpi.edu:8080/joseki/sparql/nyt;Dbpedia;http://dbpedia.org/sparql
64;PREFIX data-nyt: <http://data. nytimes.com/element/> PREFIX geonames: <http://www.geonames.org/ontology#> PREFIX foaf:< http://xmlns.com/foaf/0.1/>    SELECT ?name ?location WHERE {  ?artist foaf:based near  data-nyt:N17957130964238223481.  ?location geonames:parentFeature ?germany . };  PREFIX foaf:< http://xmlns.com/foaf/0.1/> PREFIX geonames: <http://www.geonames.org/ontology#> PREFIX db-r: <http://dbpedia.org/resource/>  SELECT ?name ?location WHERE { ?artist foaf:based near db-r:Baden-Baden . ?location geonames:parentFeature ?germany . };  PREFIX foaf:< http://xmlns.com/foaf/0.1/> PREFIX geonames: <http://www.geonames.org/ontology#> PREFIX db-r: <http://dbpedia.org/resource/>  SELECT ?name ?location WHERE { ?artist foaf:based near db-r:Baden-Baden . ?location geonames:parentFeature ?germany . };;;New YorkTmes;http://data-gov.tw.rpi.edu:8080/joseki/sparql/nyt;Dbpedia;http://dbpedia.org/sparql
65;PREFIX data-nyt: <http://data. nytimes.com/element/> PREFIX geonames: <http://www.geonames.org/ontology#> SELECT ?name WHERE {  data-nyt:56975960096322330571  geonames:name ?name .  ?y data-nyt:topicPage ?news } };  PREFIX foaf:< http://xmlns.com/foaf/0.1/> PREFIX geonames: <http://www.geonames.org/ontology#>  PREFIX db-r: <http://dbpedia.org/resource/>  SELECT ?name WHERE { db-r:California geonames:name ?name . ?y foaf:isPrimaryTopicOf ?news };  PREFIX foaf:< http://xmlns.com/foaf/0.1/> PREFIX geonames: <http://www.geonames.org/ontology#>  PREFIX db-r: <http://dbpedia.org/resource/>  SELECT ?name WHERE { db-r:California geonames:name ?name . ?y foaf:isPrimaryTopicOf ?news };;;New YorkTmes;http://data-gov.tw.rpi.edu:8080/joseki/sparql/nyt;Dbpedia;http://dbpedia.org/sparql
66;PREFIX bbc-r:<http://www.bbc.co.uk/things/> SELECT ?y WHERE {   ?y ?p bbc-r:f63149e9-c577-40b4-bd88-1efac54228db };PREFIX db-r: <http://dbpedia.org/resource/>  SELECT ?y WHERE { ?y ?p db-r:Fernando Alonso };PREFIX db-r: <http://dbpedia.org/resource/>  SELECT ?y WHERE { ?y ?p db-r:Fernando Alonso };;;BBC;http://bbc.openlinksw.com/sparql;Dbpedia;http://dbpedia.org/sparql
67;"PREFIX geonames: <http://www.geonames.org/ontology#>  PREFIX bbc-r:<http://www.bbc.co.uk/things/> SELECT ?city WHERE {  bbc-r:d3cbd167-06d7-42c3-b23a-cce2657356c8#id a geonames:Place; ?p ?city . }";"PREFIX db-r: <http://dbpedia.org/resource/>  PREFIX db-o: <http://dbpedia.org/ontology/> PREFIX geonames: <http://www.geonames.org/ontology#> SELECT ?city WHERE { db-r: Seattle 80 Tacoma International Airport a geonames:Place; ?p ?city . }";"PREFIX db-r: <http://dbpedia.org/resource/>  PREFIX db-o: <http://dbpedia.org/ontology/> PREFIX geonames: <http://www.geonames.org/ontology#> SELECT ?city WHERE { db-r: Seattle 80 Tacoma International Airport a geonames:Place; ?p ?city . }";;;BBC;http://bbc.openlinksw.com/sparql;Dbpedia;http://dbpedia.org/sparql
68;PREFIX db-o: <http://dbpedia.org/ontology/> PREFIX rdf: <http://www.w3.org/1999/02/22-rdf-syntax-ns#>   SELECT ?drug ?melt WHERE { ?drug rdf:type db-o:drug . ?drug db-o:meltingPoint ?melt.};PREFIX drugbank: <http://www4.wiwiss.fu-berlin.de/drugbank/resource/drugs/> PREFIX rdf: <http://www.w3.org/1999/02/22-rdf-syntax-ns#> SELECT ?drug ?melt WHERE {?drug rdf:type drugbank:drugs . ?drug ?p ?melt .};PREFIX drugbank: <http://www4.wiwiss.fu-berlin.de/drugbank/resource/drugs/> PREFIX rdf: <http://www.w3.org/1999/02/22-rdf-syntax-ns#> SELECT ?drug ?melt WHERE {?drug rdf:type drugbank:drugs . ?drug ?p ?melt .};;;Dbpedia;http://dbpedia.org/sparql;Drugbank;http://wifo5-04.informatik.uni-mannheim.de/drugbank/sparql
69; PREFIX kegg: <http://bio2rdf.org/ns/kegg#>   SELECT ?predicate ?object WHERE{  kegg:D005281 ?predicate ?object .};PREFIX drugbank-drugs: <http://www4.wiwiss.fu-berlin.de/drugbank/resource/drugs/> SELECT ?predicate ?object WHERE { drugbank-drugs:DB00201 ?predicate ?object .};PREFIX drugbank-drugs: <http://www4.wiwiss.fu-berlin.de/drugbank/resource/drugs/> SELECT ?predicate ?object WHERE { drugbank-drugs:DB00201 ?predicate ?object .};;;KEGG;http://kegg.bio2rdf.org/sparql;Drugbank;http://wifo5-04.informatik.uni-mannheim.de/drugbank/sparql
70;PREFIX sider: <http://www4.wiwiss.fu-berlin.de/sider/>  SELECT ?x WHERE {sider:2118 rdfs:label ?x .};PREFIX drugbank-drugs: <http://www4.wiwiss.fu-berlin.de/drugbank/resource/drugs/> SELECT ?x WHERE {drugbank-drugs:DB00404 rdfs:label ?x .};PREFIX drugbank-drugs: <http://www4.wiwiss.fu-berlin.de/drugbank/resource/drugs/> SELECT ?x WHERE {drugbank-drugs:DB00404 rdfs:label ?x .};;;SIDER;http://bio2rdf.org/sparql;Drugbank;http://wifo5-04.informatik.uni-mannheim.de/drugbank/sparql
71;PREFIX drugbank-drugs: <http://www4.wiwiss.fu-berlin.de/drugbank/resource/drugs/>  SELECT ?p1 ?y1 ?p2 ?y2 WHERE {drugbank-drugs::DB00445 ?p1 ?y1 . drugbank-drugs::DB00580 ?p2 ?y2 .};PREFIX sider: <http://www4.wiwiss.fu-berlin.de/sider/resource/> SELECT ?p1 ?y1 ?p2 ?y2 WHERE {sider:1690 ?p1 ?y1 . sider:119607 ?p2 ?y2 .};PREFIX sider: <http://www4.wiwiss.fu-berlin.de/sider/resource/> SELECT ?p1 ?y1 ?p2 ?y2 WHERE {sider:1690 ?p1 ?y1 . sider:119607 ?p2 ?y2 .};;;Drugbank;http://wifo5-04.informatik.uni-mannheim.de/drugbank/sparql;SIDER;http://bio2rdf.org/sparql
71;PREFIX db-o: <http://dbpedia.org/ontology/>   PREFIX db-r: <http://dbpedia.org/resource/>  SELECT DISTINCT ?v0 WHERE {db-r:Vidarabine db-o:molecularWeight ?v0 .};PREFIX drugbank: <http://www4.wiwiss.fu-berlin.de/drugbank/resource/drugs/>  PREFIX drugbank-drugs: <http://www4.wiwiss.fu-berlin.de/drugbank/resource/drugs/>  SELECT DISTINCT ?v0 ?v1 WHERE {drugbank-drugs:DB00194 drugbank:molecularWeightAverage ?v0.};PREFIX drugbank: <http://www4.wiwiss.fu-berlin.de/drugbank/resource/drugs/>  PREFIX drugbank-drugs: <http://www4.wiwiss.fu-berlin.de/drugbank/resource/drugs/>  SELECT DISTINCT ?v0 ?v1 WHERE {drugbank-drugs:DB00194 drugbank:molecularWeightAverage ?v0.};;;Dbpedia;http://dbpedia.org/sparql;Drugbank;http://wifo5-04.informatik.uni-mannheim.de/drugbank/sparql
73;PREFIX db-r: <http://dbpedia.org/resource/> PREFIX rdfs: <http://www.w3.org/2000/01/rdf-schema#> SELECT DISTINCT ?x WHERE{  db-r:Allopurinol rdfs:label ?x.};PREFIX sider: <http://www4.wiwiss.fu-berlin.de/sider/resource/>  PREFIX rdfs: <http://www.w3.org/2000/01/rdf-schema#> SELECT DISTINCT ?x WHERE { sider:8378 rdfs:label ?x. };PREFIX sider: <http://www4.wiwiss.fu-berlin.de/sider/resource/>  PREFIX rdfs: <http://www.w3.org/2000/01/rdf-schema#> SELECT DISTINCT ?x WHERE { sider:8378 rdfs:label ?x. };;;Dbpedia;http://dbpedia.org/sparql;SIDER;http://bio2rdf.org/sparql
74;"PREFIX drugbank: <http://www4.wiwiss.fu-berlin.de/drugbank/resource/drugs/> PREFIX diseasome <http://www4.wiwiss.fu-berlin.de/diseasome/>  SELECT DISTINCT ?dr ?br ?disease WHERE { ?disease diseasome:possibleDrug drugbank:DB00115; rdfs:label ?dr; diseasome:name ?br . }";"PREFIX drugbank: <http://www4.wiwiss.fu-berlin.de/drugbank/resource/drugs/> SELECT DISTINCT ?dr ?br ?disease WHERE { ?disease ?a drugbank:drugs/DB00115;  rdfs:label ?dr ; drugbank:brandName ?br.}";"PREFIX drugbank: <http://www4.wiwiss.fu-berlin.de/drugbank/resource/drugs/> SELECT DISTINCT ?dr ?br ?disease WHERE { ?disease ?a drugbank:drugs/DB00115;  rdfs:label ?dr ; drugbank:brandName ?br.}";;;Diseasome;http://www4.wiwiss.fu-berlin.de/diseasome/sparql;Drugbank;http://wifo5-04.informatik.uni-mannheim.de/drugbank/sparql
75; PREFIX db-r: <http://dbpedia.org/resource/> SELECT ?IntEffect WHERE { ?Int ?a db-r:Nadolol. ?Int ?b db-r:Acetohexamide.  ?Int ?c ?IntEffect .};PREFIX drugbank: <http://www4.wiwiss.fu-berlin.de/drugbank/resource/drugs/> SELECT ?IntEffect WHERE { ?Int ?a drugbank-d:DB01203 . ?Int ?b drugbank-d:DB00414 . ?Int ?c ?IntEffect .};PREFIX drugbank: <http://www4.wiwiss.fu-berlin.de/drugbank/resource/drugs/> SELECT ?IntEffect WHERE { ?Int ?a drugbank-d:DB01203 . ?Int ?b drugbank-d:DB00414 . ?Int ?c ?IntEffect .};;;Dbpedia;http://dbpedia.org/sparql;Drugbank;http://wifo5-04.informatik.uni-mannheim.de/drugbank/sparql
76;PREFIX drugbank: <http://www4.wiwiss.fu-berlin.de/drugbank/> SELECT ?drug WHERE { ?sider drugbank:drug name ?drug . ?sider ?p ?effect .  FILTER regex (?drug,?Fenofibrate|Aspirin| Rosuvastatin|Levothyroxine|Valsartan?,?i? ) . };PREFIX sider: <http://www4.wiwiss.fu-berlin.de/sider/>  SELECT ?drug WHERE { ?sider sider:drug_name ?drug . ?sider ?p ?effect . FILTER regex (?drug,?Fenofibrate|Aspirin|Rosuvastatin|Levothyroxine|Valsartan?,?i? ) };PREFIX sider: <http://www4.wiwiss.fu-berlin.de/sider/>  SELECT ?drug WHERE { ?sider sider:drug_name ?drug . ?sider ?p ?effect . FILTER regex (?drug,?Fenofibrate|Aspirin|Rosuvastatin|Levothyroxine|Valsartan?,?i? ) };;;Drugbank;http://wifo5-04.informatik.uni-mannheim.de/drugbank/sparql;SIDER;http://bio2rdf.org/sparql
77;PREFIX drugbank: <http://www4.wiwiss.fu-berlin.de/drugbank/>  PREFIX drugbank-d: <http://www4.wiwiss.fu-berlin.de/drugbank/resource/drugs/>  SELECT ?se WHERE { drugbank-d::DB00333 drugbank:toxicity ?se.};PREFIX sider: <http://www4.wiwiss.fu-berlin.de/sider/resource/>  SELECT ?se  WHERE {sider:drugs/4095 ?p  ?se .};PREFIX sider: <http://www4.wiwiss.fu-berlin.de/sider/resource/>  SELECT ?se  WHERE {sider:drugs/4095 ?p  ?se .};;;Drugbank;http://wifo5-04.informatik.uni-mannheim.de/drugbank/sparql;SIDER;http://bio2rdf.org/sparql
78;PREFIX drugbank: <http://www4.wiwiss.fu-berlin.de/drugbank/>  SELECT ?drugDesc ?cpd WHERE { ?drug drugbank:keggCompoundId ?cpd .  ?drug drugbank:description ?drugDesc . ?enzyme ?p1 ?cpd . ?enzyme rdf:type ?o1 .};PREFIX rdfs: <http://www.w3.org/2000/01/rdf-schema#>   PREFIX rdf: <http://www.w3.org/1999/02/22-rdf-syntax-ns\#> PREFIX kegg: <http://bio2rdf.org/ns/kegg\#> SELECT ?drugDesc ?cpd WHERE { ?drug drugbank:keggCompoundId ?cpd . ?drug rdfs:label ?drugDesc . ?enzyme ?p1 ?cpd . ?enzyme rdf:type ?o .};PREFIX rdfs: <http://www.w3.org/2000/01/rdf-schema#>   PREFIX rdf: <http://www.w3.org/1999/02/22-rdf-syntax-ns\#> PREFIX kegg: <http://bio2rdf.org/ns/kegg\#> SELECT ?drugDesc ?cpd WHERE { ?drug drugbank:keggCompoundId ?cpd . ?drug rdfs:label ?drugDesc . ?enzyme ?p1 ?cpd . ?enzyme rdf:type ?o .};;;Drugbank;http://wifo5-04.informatik.uni-mannheim.de/drugbank/sparql;KEGG;http://kegg.bio2rdf.org/sparql
79;PREFIX drugbank: <http://www4.wiwiss.fu-berlin.de/drugbank/>  SELECT ?drug ?chebiImage WHERE { ?drug drugbank:genericName ?drugBankName .  ?chebiDrug purl:title ?drugBankName . ?chebiDrug ?p1 ?chebiImage . };PREFIX chebi: <http://chem2bio2rdf.org/chebi/> PREFIX foaf:< http://xmlns.com/foaf/0.1/> PREFIX purlc: <http://purl.org/dc/terms/>  SELECT ?drug ?chebiImage WHERE { ?drug foaf:name ?drugBankName . ?chebiDrug purl:title ?drugBankName . ?chebiDrug ?p1 ?chebiImage . };PREFIX chebi: <http://chem2bio2rdf.org/chebi/> PREFIX foaf:< http://xmlns.com/foaf/0.1/> PREFIX purlc: <http://purl.org/dc/terms/>  SELECT ?drug ?chebiImage WHERE { ?drug foaf:name ?drugBankName . ?chebiDrug purl:title ?drugBankName . ?chebiDrug ?p1 ?chebiImage . };;;Drugbank;http://wifo5-04.informatik.uni-mannheim.de/drugbank/sparql;CHEBI;http://chebi.bio2rdf.org/sparql
80;PREFIX kegg: <http://bio2rdf.org/kegg_vocabulary:> SELECT ?drug ?keggDrug WHERE {  ?drug ?p1 ?o1 . ?drug ?p2 ?id . ?keggDrug kegg:xRef ?id . } LIMIT 100;PREFIX drugbank: <http://www4.wiwiss.fu-berlin.de/drugbank/resource/drugs/>  PREFIX kegg: <http://bio2rdf.org/ns/kegg#>  SELECT ?drug ?keggDrug WHERE { ?drug ?p1 ?o1 . ?drug ?p2 ?id . ?keggDrug kegg:xRef ?id . } LIMIT 100;PREFIX drugbank: <http://www4.wiwiss.fu-berlin.de/drugbank/resource/drugs/>  PREFIX kegg: <http://bio2rdf.org/ns/kegg#>  SELECT ?drug ?keggDrug WHERE { ?drug ?p1 ?o1 . ?drug ?p2 ?id . ?keggDrug kegg:xRef ?id . } LIMIT 100;;;KEGG;http://kegg.bio2rdf.org/sparql;Drugbank;http://wifo5-04.informatik.uni-mannheim.de/drugbank/sparql
81;PREFIX bnb:  <http://bnb.data.bl.uk/id/person/>  SELECT DISTINCT ?p ?o WHERE bnb:CervantesSaavedraMiguelde1547-1616 ?p ?o .;PREFIX bne-r: <http://datos.bne.es/resource/> SELECT DISTINCT ?p ?o WHERE { bne-r:XX1718747 ?p ?o .};PREFIX bne-r: <http://datos.bne.es/resource/> SELECT DISTINCT ?p ?o WHERE { bne-r:XX1718747 ?p ?o .};;;BNB;http://bnb.data.bl.uk/sparql;BNE;http://datos.bne.es/sparql
82;PREFIX foaf:< http://xmlns.com/foaf/0.1/> PREFIX dct: <http://purl.org/dc/terms/>  SELECT DISTINCT ?label ?author WHERE cam:cambrdgedb ...79f80074f  a owl:Thing . cam:cambrdgedb ...79f80074f  rdfs:label ?label .  cam:cambrdgedb ...79f80074f  dct:creator ?author .  ?author a foaf:Person .;PREFIX db-o: <http://dbpedia.org/ontology/>   PREFIX db-r: <http://dbpedia.org/resource/> PREFIX foaf:< http://xmlns.com/foaf/0.1/>  SELECT DISTINCT ?label ?author WHERE {db-r:Pride and Prejudice a owl:Thing . db-r:Pride and Prejudice rdfs:label ?label . db-r:Pride and Prejudice db-o:author ?author . ?author a foaf:person.;PREFIX db-o: <http://dbpedia.org/ontology/>   PREFIX db-r: <http://dbpedia.org/resource/> PREFIX foaf:< http://xmlns.com/foaf/0.1/>  SELECT DISTINCT ?label ?author WHERE {db-r:Pride and Prejudice a owl:Thing . db-r:Pride and Prejudice rdfs:label ?label . db-r:Pride and Prejudice db-o:author ?author . ?author a foaf:person.;;;Cambridge;http://data.lib.cam.ac.uk/endpoint.php;Dbpedia;http://dbpedia.org/sparql
83;PREFIX bne-r: <http://datos.bne.es/resource/> SELECT ?a ?birth WHERE  bne-r:XX933715 fr:P2010 ?a .  OPTIONAL { bne-r:XX933715 fr:P3040 ?birth. }.;PREFIX db-o: <http://dbpedia.org/ontology/>   PREFIX db-r: <http://dbpedia.org/resource/>  SELECT ?a ?birth WHERE {?a db-o:writer db-r:Leo Tolstoy . OPTIONAL { db-r:Leo Tolstoy ?p ?birth. }};PREFIX db-o: <http://dbpedia.org/ontology/>   PREFIX db-r: <http://dbpedia.org/resource/>  SELECT ?a ?birth WHERE {?a db-o:writer db-r:Leo Tolstoy . OPTIONAL { db-r:Leo Tolstoy ?p ?birth. }};;;BNE;http://datos.bne.es/sparql;Dbpedia;http://dbpedia.org/sparql
84;PREFIX db-o: <http://dbpedia.org/ontology/>   PREFIX db-r: <http://dbpedia.org/resource/>  SELECT * WHERE {?a db-o:author db-r:Tim Berners-Lee .  OPTIONAL {?e ?p db-r:Tim Berners-Lee .}};PREFIX dblp-r:  <http://dblp.rkbexplorer.com/id/> PREFIX akt: <http://www.aktors.org/ontology/portal#> SELECT * WHERE {?a akt:has-author dblp-r:person/100007. ?e ?p dblp-r:person/100007. };PREFIX dblp-r:  <http://dblp.rkbexplorer.com/id/> PREFIX akt: <http://www.aktors.org/ontology/portal#> SELECT * WHERE {?a akt:has-author dblp-r:person/100007. ?e ?p dblp-r:person/100007. };;;Dbpedia;http://dbpedia.org/sparql;DBLP;http://dblp.rkbexplorer.com/sparql/
85;PREFIX dblp:  <http://dblp.rkbexplorer.com/>  SELECT DISTINCT ?a ?r WHERE { ?a dblp:article-of-journal ?r};PREFIX db-p: <http://dbpedia.org/property/>   SELECT DISTINCT ?a ?r WHERE ?a db-p:journal ?r;PREFIX db-p: <http://dbpedia.org/property/>   SELECT DISTINCT ?a ?r WHERE ?a db-p:journal ?r;;;DBLP;http://dblp.rkbexplorer.com/sparql/;Dbpedia;http://dbpedia.org/sparql
86;PREFIX bnb: <http://bnb.data.bl.uk/> PREFIX foaf:< http://xmlns.com/foaf/0.1/> SELECT ?article WHERE { ?author bnb:hascreated ?article . ?author foaf:name ?Author . FILTER (regex(?Author, ?Tanenbaum?, ?i?)) ORDER BY ?Author;PREFIX dblp:  <http://dblp.rkbexplorer.com/> PREFIX akt: <http://www.aktors.org/ontology/portal#> SELECT ?article WHERE { ?article dblp:Article IsWrittenBy ?author . ?author akt:full-name ?Author . FILTER ( regex ( ?Author, ?Tanenbaum?, ?i? ) )} ORDER BY ?Author;PREFIX dblp:  <http://dblp.rkbexplorer.com/> PREFIX akt: <http://www.aktors.org/ontology/portal#> SELECT ?article WHERE { ?article dblp:Article IsWrittenBy ?author . ?author akt:full-name ?Author . FILTER ( regex ( ?Author, ?Tanenbaum?, ?i? ) )} ORDER BY ?Author;;;BNB;http://bnb.data.bl.uk/sparql;DBLP;http://dblp.rkbexplorer.com/sparql/
87;"PREFIX bnf-ark:<http://catalogue.bnf.fr/ark:> PREFIX bibo: <http://purl.org/ontology/bibo/> PREFIX dct: <http://purl.org/dc/terms/>  SELECT ?book ?isbn ?title WHERE {  ?book dct:creator bnf-ark:12148/cb12130;  bibo:isbn10 ?isbn; dct:title ?title. } LIMIT 10";"PREFIX purlc: <http://purl.org/dc/terms/> PREFIX bibo: <http://purl.org/ontology/bibo/>  PREFIX bnb-person: <http://bnb.data.bl.uk/id/person/> SELECT ?book ?isbn ?title WHERE { ?book purlc:creator bnb-person:Althea; bibo:isbn10 ?isbn; purlc:title ?title. } LIMIT 10";"PREFIX purlc: <http://purl.org/dc/terms/> PREFIX bibo: <http://purl.org/ontology/bibo/>  PREFIX bnb-person: <http://bnb.data.bl.uk/id/person/> SELECT ?book ?isbn ?title WHERE { ?book purlc:creator bnb-person:Althea; bibo:isbn10 ?isbn; purlc:title ?title. } LIMIT 10";;;BNF;http://data.bnf.fr/sparql/;BNB;http://bnb.data.bl.uk/sparql
88;SELECT * WHERE {?subject ?predicate <http://catalogue.bnf.fr/ark:/12148/cb118896036> };PREFIX bnb-person: <http://bnb.data.bl.uk/id/person/>  SELECT * WHERE { ?subject ?predicate bnb-person:AustenJane1775-1817};PREFIX bnb-person: <http://bnb.data.bl.uk/id/person/>  SELECT * WHERE { ?subject ?predicate bnb-person:AustenJane1775-1817};;;BNF;http://data.bnf.fr/sparql/;BNB;http://bnb.data.bl.uk/sparql
89;PREFIX db-o: <http://dbpedia.org/ontology/> PREFIX rdfs: <http://www.w3.org/2000/01/rdf-schema#>  SELECT DISTINCT ?book ?title WHERE {  ?book db-o:isbn ?0851221033?.  ?book a db-o:Book .  ?book rdfs:label ?title.};PREFIX purlc: <http://purl.org/dc/terms/> PREFIX bibo: <http://purl.org/ontology/bibo/> SELECT DISTINCT ?book ?title WHERE { ?book bibo:isbn10 ?0851221033?. ?book a bibo:Book . ?book purlc:title ?title.};PREFIX purlc: <http://purl.org/dc/terms/> PREFIX bibo: <http://purl.org/ontology/bibo/> SELECT DISTINCT ?book ?title WHERE { ?book bibo:isbn10 ?0851221033?. ?book a bibo:Book . ?book purlc:title ?title.};;;Dbpedia;http://dbpedia.org/sparql;BNB;http://bnb.data.bl.uk/sparql
90;PREFIX foaf:< http://xmlns.com/foaf/0.1/>  PREFIX db-o: <http://dbpedia.org/ontology/> SELECT ?auteur ?jour ?nom WHERE { ?auteur db-o:abstract ?jour. ?doc db-o:author ?auteur.  OPTIONAL {?auteur foaf:name ?nom} }  ORDER BY (?jour) LIMIT 10;PREFIX foaf:< http://xmlns.com/foaf/0.1/>  PREFIX bnf:<http://data.bnf.fr/vocabulary/roles/> SELECT ?auteur ?jour ?nom WHERE { ?auteur ?p ?jour. ?doc bnf:r220 ?auteur. OPTIONAL {?auteur foaf:name ?nom } } ORDER BY (?jour) LIMIT 10;PREFIX foaf:< http://xmlns.com/foaf/0.1/>  PREFIX bnf:<http://data.bnf.fr/vocabulary/roles/> SELECT ?auteur ?jour ?nom WHERE { ?auteur ?p ?jour. ?doc bnf:r220 ?auteur. OPTIONAL {?auteur foaf:name ?nom } } ORDER BY (?jour) LIMIT 10;;;Dbpedia;http://dbpedia.org/sparql;BNF;http://data.bnf.fr/sparql/
91;"PREFIX rdfs: <http://www.w3.org/2000/01/rdf-schema#> PREFIX foaf:< http://xmlns.com/foaf/0.1/> SELECT DISTINCT ?work ?title WHERE {  ?work foaf:focus ?person. ?work dcterms:creator ?person ; rdfs:label ?title . } LIMIT 10";"PREFIX purlc: <http://purl.org/dc/terms/> PREFIX foaf:< http://xmlns.com/foaf/0.1/>   PREFIX rdfs: <http://www.w3.org/2000/01/rdf-schema#>  SELECT DISTINCT ?work ?title WHERE { ?work foaf:focus ?person. ?work purlc:creator ?person ; rdfs:label ?title . } LIMIT 10";"PREFIX purlc: <http://purl.org/dc/terms/> PREFIX foaf:< http://xmlns.com/foaf/0.1/>   PREFIX rdfs: <http://www.w3.org/2000/01/rdf-schema#>  SELECT DISTINCT ?work ?title WHERE { ?work foaf:focus ?person. ?work purlc:creator ?person ; rdfs:label ?title . } LIMIT 10";;;Dbpedia;http://dbpedia.org/sparql;BNF;http://data.bnf.fr/sparql/
92;PREFIX db-o: <http://dbpedia.org/ontology/> SELECT DISTINCT ?item WHERE { ?item a db-o:Book. ?item db-o:titleOrig ?Decamerone?@en . }; PREFIX rdf: <http://www.w3.org/1999/02/22-rdf-syntax-ns#> PREFIX frbr: <http://purl.org/vocab/frbr/core#> PREFIX isbd: <http://iflastandards.info/ns/isbd/elements/> SELECT DISTINCT ?item WHERE { ?item rdf:type frbr:C1003 . ?item ?p ?Decamerone? }; PREFIX rdf: <http://www.w3.org/1999/02/22-rdf-syntax-ns#> PREFIX frbr: <http://purl.org/vocab/frbr/core#> PREFIX isbd: <http://iflastandards.info/ns/isbd/elements/> SELECT DISTINCT ?item WHERE { ?item rdf:type frbr:C1003 . ?item ?p ?Decamerone? };;;Dbpedia;http://dbpedia.org/sparql;BNE;http://datos.bne.es/sparql
93;"PREFIX db-o: <http://dbpedia.org/ontology/>  SELECT DISTINCT ?Edition WHERE { ?Edition a db-o:Work; dcterms:subject ?subject.  } LIMIT 10";"PREFIX purlc: <http://purl.org/dc/terms/>  SELECT DISTINCT ?Edition WHERE { ?Edition a purlc:Manifestation; purlc:subject ?subject. } LIMIT 10";"PREFIX purlc: <http://purl.org/dc/terms/>  SELECT DISTINCT ?Edition WHERE { ?Edition a purlc:Manifestation; purlc:subject ?subject. } LIMIT 10";;;Dbpedia;http://dbpedia.org/sparql;BNF;http://data.bnf.fr/sparql/
94;PREFIX bnf-ark:<http://catalogue.bnf.fr/ark:> SELECT DISTINCT ?item WHERE  { ?item rdf:type ?i . ?item ?p bnf-ark:12148/cb131654249 };PREFIX frbr: <http://purl.org/vocab/frbr/core#>  SELECT DISTINCT ?item WHERE { ?item rdf:type ?i. ?item ?p <http://datos.bne.es/resource/XX3383594> };PREFIX frbr: <http://purl.org/vocab/frbr/core#>  SELECT DISTINCT ?item WHERE { ?item rdf:type ?i. ?item ?p <http://datos.bne.es/resource/XX3383594> };;;BNF;http://data.bnf.fr/sparql/;BNE;http://datos.bne.es/sparql
95;PREFIX db-o: <http://dbpedia.org/ontology/>  SELECT ?yr ?name ?document WHERE {  ?class rdfs:subClassOf db-o:Work . ?document rdf:type ?class . ?document dc:creator ?author .  ?author foaf:name ?name  OPTIONAL { ?class2 rdfs:subClassOf db-o:Work . ?document2 rdf:type ?class2 . ?document2 dc:creator ?author2 . FILTER (?author=?author2 ) }}; PREFIX purlc: <http://purl.org/dc/terms/>  PREFIX rdf: <http://www.w3.org/1999/02/22-rdf-syntax-ns#>  PREFIX rdfs: <http://www.w3.org/2000/01/rdf-schema#>  PREFIX foaf:< http://xmlns.com/foaf/0.1/> SELECT ?yr ?name ?document WHERE { ?class rdfs:subClassOf foaf:Document . ?document rdf:type ?class . ?document purl:creator ?author . ?author foaf:name ?name  OPTIONAL {?class2  rdfs:subClassOf foaf:Document . ?document2 rdf:type ?class2 . ?document2 purlc:creator ?author2 .FILTER (?author=?author2) }}; PREFIX purlc: <http://purl.org/dc/terms/>  PREFIX rdf: <http://www.w3.org/1999/02/22-rdf-syntax-ns#>  PREFIX rdfs: <http://www.w3.org/2000/01/rdf-schema#>  PREFIX foaf:< http://xmlns.com/foaf/0.1/> SELECT ?yr ?name ?document WHERE { ?class rdfs:subClassOf foaf:Document . ?document rdf:type ?class . ?document purl:creator ?author . ?author foaf:name ?name  OPTIONAL {?class2  rdfs:subClassOf foaf:Document . ?document2 rdf:type ?class2 . ?document2 purlc:creator ?author2 .FILTER (?author=?author2) }};;;Dbpedia;http://dbpedia.org/sparql;SP2B;http://localhost/sparql
96;PREFIX db-o: <http://dbpedia.org/ontology/>   PREFIX db-r: <http://dbpedia.org/resource/>  SELECT ?s WHERE{  dbpedia:Paul Erdoes db-o:doctoralAdvisor ?s. OPTIONAL{ db-r:John von Neumann db-o:doctoralAdvisor ?s } };PREFIX person: <http://localhost/persons/> SELECT ?s WHERE { person:Paul Erdoes ?p ?s. OPTIONAL{ person:John von Neumann ?p ?s}};PREFIX person: <http://localhost/persons/> SELECT ?s WHERE { person:Paul Erdoes ?p ?s. OPTIONAL{ person:John von Neumann ?p ?s}};;;Dbpedia;http://dbpedia.org/sparql;SP2B;http://localhost/sparql
97;PREFIX db-o: <http://dbpedia.org/ontology/>   SELECT DISTINCT ?predicate WHERE { { ?person rdf:type db-o:Person . ?subject ?predicate ?person } UNION { ?person rdf:type db-o:Person . ?person ?predicate ?object }};PREFIX rdf: <http://www.w3.org/1999/02/22-rdf-syntax-ns#>  PREFIX rdfs: <http://www.w3.org/2000/01/rdf-schema#>  PREFIX foaf:< http://xmlns.com/foaf/0.1/> SELECT DISTINCT ?predicate WHERE { { ?person rdf:type foaf:Person . ?subject ?predicate ?person} UNION { ?person rdf:type foaf:Person . ?person ?predicate ?object }};PREFIX rdf: <http://www.w3.org/1999/02/22-rdf-syntax-ns#>  PREFIX rdfs: <http://www.w3.org/2000/01/rdf-schema#>  PREFIX foaf:< http://xmlns.com/foaf/0.1/> SELECT DISTINCT ?predicate WHERE { { ?person rdf:type foaf:Person . ?subject ?predicate ?person} UNION { ?person rdf:type foaf:Person . ?person ?predicate ?object }};;;Dbpedia;http://dbpedia.org/sparql;SP2B;http://localhost/sparql
98;PREFIX db-r: <http://dbpedia.org/resource/>  SELECT ?subject ?predicate WHERE {  ?subject ?predicate db-r:Paul Erdoes };PREFIX person: <http://localhost/persons/> SELECT ?subject ?predicate WHERE { ?subject ?predicate person:Paul Erdoes };PREFIX person: <http://localhost/persons/> SELECT ?subject ?predicate WHERE { ?subject ?predicate person:Paul Erdoes };;;Dbpedia;http://dbpedia.org/sparql;SP2B;http://localhost/sparql
99;PREFIX libris: <http://libris.kb.se/vocabulary/experimental#> SELECT ?y WHERE {  ?y ?p libris:335843 } LIMIT 10;PREFIX db-r: <http://dbpedia.org/resource/> SELECT ?y WHERE { ?y ?p db-r:Johan Christian Fabricius. } LIMIT 10;PREFIX db-r: <http://dbpedia.org/resource/> SELECT ?y WHERE { ?y ?p db-r:Johan Christian Fabricius. } LIMIT 10;;;LIBRIS;http://lab3.libris.kb.se/sparql;Dbpedia;http://dbpedia.org/sparql
100;PREFIX dc: <http://purl.org/dc/elements/1.1/>    PREFIX dct: <http://purl.org/dc/terms/> SELECT ?yr WHERE {  ?journal rdf:type dbpedia:PeriodicalLiterature.  ?journal dc:title ?Journal 1 (1940)?8sd:string .  ?journal dcterms:issued ?yr };PREFIX purlc: <http://purl.org/dc/terms/> SELECT ?yr WHERE { ?journal rdf:type sp:Journal . ?journal purlc:title ?Journal 1 (1940)?8sd:string . ?journal purlc:issued ?yr };PREFIX purlc: <http://purl.org/dc/terms/> SELECT ?yr WHERE { ?journal rdf:type sp:Journal . ?journal purlc:title ?Journal 1 (1940)?8sd:string . ?journal purlc:issued ?yr };;;Dbpedia;http://dbpedia.org/sparql;SP2B;http://localhost/sparql
